[
  {
    "id": 0,
    "name": "All News"
  },
  {
    "id": 1,
    "name": "Breaking News"
  },
  {
    "id": 2,
    "name": "Business"
  },
  {
    "id": 3,
    "name": "Technology"
  },
  {
    "id": 4,
    "name": "Health"
  },
  {
    "id": 5,
    "name": "Sports"
  },
  {
    "id": 6,
    "name": "Entertainment"
  },
  {
    "id": 7,
    "name": "Science"
  },
  {
    "id": 8,
    "name": "Politics"
  },
  {
    "id": 9,
    "name": "Education"
  },
  {
    "id": 10,
    "name": "Lifestyle"
  }
]
